Смартфон Xiaomi 13 Lite 256 Gb (RAM 8 Gb) Dual Sim синий,"32324 с
",https://svetofor.info/images/thumbnails/300/300/detailed/306/smartfon-sjaomi-sjaomi-13-lite-256-gb-ram-8-gb-dual-sim-blue-1.jpg
Смартфон Xiaomi Redmi 12 T 256 Gb (RAM 8 Gb) серебряный,"37297 с
",https://svetofor.info/images/thumbnails/300/300/detailed/306/smartfon-sjaomi-redmi-12-t-256-gb-ram-8-gb-silver-1.jpg
Смартфон Xiaomi Redmi 12 C 64 Gb (RAM 3 Gb) Dual Sim синий,"9413 с
",https://svetofor.info/images/thumbnails/300/300/detailed/306/smartfon-sjaomi-redmi-12-c-64-gb-ram-3-gb-dual-sim-blue-1.jpg
Смартфон Xiaomi Redmi 12C 64 Gb (RAM 3 Gb) фиолетовый,"9324 с
",https://svetofor.info/images/thumbnails/300/300/detailed/306/smartfon-sjaomi-redmi-12c-64-gb-ram-3-gb-purple-1.jpg
Смартфон Xiaomi Redmi 12C 128 Gb (RAM 4 Gb) gray,"10390 с
",https://svetofor.info/images/thumbnails/300/300/detailed/306/smartfon-sjaomi-redmi-12c-128-gb-ram-4-gb-gray-1.jpg
Смартфон Xiaomi Redmi 12C 128 Gb (RAM 4 Gb) green,"12610 с
",https://svetofor.info/images/thumbnails/300/300/detailed/306/smartfon-sjaomi-redmi-12c-128-gb-ram-4-gb-green-1.jpg
Смартфон Xiaomi Xiaomi 13 256 Gb (RAM 12 Gb) черный,"64381 с
",https://svetofor.info/images/thumbnails/300/300/detailed/302/smartfon-sjaomi-sjaomi-13-256-gb-ram-12-gb-chernyj-1.jpg
Смартфон Xiaomi Xiaomi 13 256 Gb (RAM 12 Gb) зеленый,"64381 с
",https://svetofor.info/images/thumbnails/300/300/detailed/302/smartfon-sjaomi-sjaomi-13-256-gb-ram-12-gb-zelenyj-1.jpg
Смартфон Xiaomi Редми 10 А 32 Gb (RAM 2 Gb) Dual Sim,"7992 с
",https://svetofor.info/images/thumbnails/300/300/detailed/301/smartfon-sjaomi-redmi-10-a-32-gb-ram-2-gb-dual-sim-1-1.jpg
Смартфон Xiaomi Поко М5 128 Gb (RAM 6 Gb) Dual Sim black,"13320 с
",https://svetofor.info/images/thumbnails/300/300/detailed/301/smartfon-sjaomi-poko-m5-128-gb-ram-6-gb-dual-sim-black-1.jpg
Смартфон Xiaomi Поко М5 128 Gb (RAM 6 Gb) Dual Sim green,"13320 с
",https://svetofor.info/images/thumbnails/300/300/detailed/301/smartfon-sjaomi-poko-m5-128-gb-ram-6-gb-dual-sim-green-1.jpg
Смартфон Samsung Galaxy A03 core 32 Gb (RAM 2 Gb) Dual Sim Bronze,"7548 с
",https://svetofor.info/images/thumbnails/300/300/detailed/301/smartfon-samsung-galaktika-a03-core-32-gb-ram-2-gb-dual-sim-bronze-1.jpg
Смартфон Samsung Galaxy A33 128 Gb (RAM 6 Gb) Dual Sim Peach,"23000 с
",https://svetofor.info/images/thumbnails/300/300/detailed/299/smartfon-samsung-galaktika_a33-128-gb-ram-6-gb-dual-sim-peach-1.jpg
Смартфон Xiaomi Xiaomi 12 Т 256 Gb (RAM 8 Gb) Dual Sim,"37297 с
",https://svetofor.info/images/thumbnails/300/300/detailed/301/smartfon-sjaomi-sjaomi-12-t-256-gb-ram-8-gb-dual-sim-1.jpg
Смартфон Samsung Galaxy S22+ 128 Gb (RAM 8 Gb) Dual Sim Black,"Предзаказ
",https://svetofor.info/images/thumbnails/300/300/detailed/299/smartfon-samsung-galaktika-s22-128-gb-ram-8-gb-dual-sim-black-1.jpg
Смартфон Samsung Galaxy A03 core 32 Gb (RAM 2 Gb) Dual Sim black,"7548 с
",https://svetofor.info/images/thumbnails/300/300/detailed/301/smartfon-samsung-galaktika-a03-core-32-gb-ram-2-gb-dual-sim-black-1.jpg
